No,Label,kalimat
1,registrasi,min mau tanya kalau mau registrasi online calon mahasiswa baru tahun ini bagaimana
2,registrasi,halo mohon maaf saat ini yang dapat laku online hanya daftar saja untuk registrasi silah datang langsung ke udinus terimakasih
3,registrasi,saya telah di terima di udinus pada pmdk ke 2 tapi belum laku registrasi apakah masih bisa untuk registrasi
4,registrasi,selamat siang bisa silah datang ke udinus untuk cetak surat umum baru dan informasi putar registrasi terima kasih
5,registrasi,sore kak saya mau tanya nih batas bayar daftar ulang telah umum terima berapa lama ya trus untuk biaya daftar jalur uji tulis berapa
6,registrasi,selamat pagi untuk jadwal registrasi dapat cek lalu link ini http pmb nus ac id dan untuk biaya daftar jalur reguler adalah besar rp 200 000 - terima kasih
7,registrasi,selamat siang saya ingin tanya apakah benar ketika daftar ulang harus lampir skck
8,registrasi,selamat pagi pada saat daftar ulang tidak ada tentu syarat bawa skck untuk syarat registrasi ulang dapat lihat di http pmb nus ac id prosedur-daftar-ulang terima kasih
9,registrasi,permisi saya mau tanya saya telah terima di udinus lewat sekolah saya bk maksud tapi saya juga udah cek di pengumumanya tapi kok saya mau cetak surat umum itu pakai nomor daftar dan nomor telepon tetapi udah saya coba nomor saya dan nomor orang tua saya yang saya lampir pada form daftar tetapi gak bisa itu gimana ya mohon bantuanya
10,registrasi,selamat pagi basmoro apakah km lihat umum lalu hp kadang browser hp tidak compatible coba pakai pc untuk mendownload surat umum untuk konfirmasi saja nomor hp orang tua km 920 silah coba kembali
11,registrasi,malam kak saya mau tanya website buat lihat brpa biaya yg harus d bayarkn saat registrasi ulang jalur pmdk d mna ya kak
12,registrasi,silah untuk surat umum dapat didownload lalu link ikut http apply nus ac id read umum terima kasih
13,registrasi,malam kak bagaiman jika ingin tau berapa biaya yg harus di bayarkn untuk registrasi ulang pmdk 2 ya kak
14,registrasi,selamat pagi tedi untuk biaya yang harus bayar pada saat registrasi pmdk 2 dapat lihat di surat umum yang dapat kamu download di website udinus dengan menginputkan nomer daftar dan nomer hp terima kasih
15,registrasi,pagi kak kak kmaren kan saya sudah daftar di udinus yang gelombang 1 udah ketrima di akuntansi tinggal registrasi saja kalo saya mau pindah fakultas it gimana kak
16,registrasi,sore kak ayu untuk pindah program studi boleh lama syarat penuh dan masih ada quota silah langsung ke bagi registrasi dengan bawa surat terang terima untuk dapat cek dan dapat jelas lebih lanjut prosedur
17,registrasi,bagaimana untuk prosedur registrasi mahasiswa baru cara online
18,registrasi,prosedur registrasi mahasiswa baru cara online bagaimana ya
19,registrasi,tata cara registrasi mahasiswa baru online gimana kak
20,registrasi,kak mau tanya cara urus registrasi mahasiswa baru online gimana ya kak
21,registrasi,min ada pandu untuk registrasi mahasiswa baru online
22,registrasi,minta info kak untuk registrasi mahasiswa baru online di udinus
23,registrasi,mohon bantu untuk registrasi mahasiswa baru online
24,registrasi,registrasi silah datang langsung ke udinus
25,registrasi,untuk registrasi belum bisa laku cara online kak
26,registrasi,silah langsung di udinus kak untuk registrasi
27,registrasi,registrasi saat ini laku via offline di udinus kak
28,registrasi,mohon maaf kak untuk registrasi laku di udinus untuk online hanya layan daftar
29,registrasi,silah datang ke udinus kak untuk registrasi
30,registrasi,untuk registrasi laku di udinus cara offline
31,registrasi,untuk pmdk tahap 2 masih bisa registrasi
32,registrasi,registrasi pmdk tahap 2 apakah masih buka
33,registrasi,masih boleh ga kak untuk registrasi pmdk tahap 2
34,registrasi,saya terima pmdk tahap 2 apakah masih boleh registrasi
35,registrasi,kak saya mau registrasi pmdk tahap 2 apakah masih bisa
36,registrasi,min untuk registrasi pmdk tahap 2 apakah masih buka
37,registrasi,boleh ga min untuk registrasi pmdk tahap 2 sekarang
38,registrasi,bisa kak silah datang langsung ke udinus untuk dapat informasi putar registrasi
39,registrasi,silah datang langsung ke udinus kak untuk registrasi
40,registrasi,bisa kakak bisa datang langsung ke udinus untuk laku registrasi
41,registrasi,registrasi pmdk tahap 2 bisa langsung laku di udinus
42,registrasi,masih bisa kak untuk registrasi pmdk tahap 2
43,registrasi,langsung datang saja ke udinus untuk registrasi
44,registrasi,registrasi masih bisa laku terima kasih
45,registrasi,kapan ya min batas bayar daftar ulang
46,registrasi,untuk daftar ulang maksimal bayar kapan kak
47,registrasi,minta info kak untuk daftar ulang maksimal laku kapan
48,registrasi,sampai kapan ya kak batas daftar ulang
49,registrasi,batas daftar ulang dapat laku sampai kapan
50,registrasi,daftar ulang sampai tanggal berapa ya dapat laku
51,registrasi,bayar daftar ulang dapat laku sampai kapan min
52,registrasi,jadwal registrasi dapat di cek pada laman http pmb nus ac id
53,registrasi,untuk registrasi sendiri dapat unjung http pmb nus ac id untuk lebih jelas
54,registrasi,untuk lebih jelas silah unjung http pmb nus ac id
55,registrasi,informasi kena registrasi sudah kami saji pada laman http pmb nus ac id silah kunjung laman sebut terima kasih
56,registrasi,info registrasi dapat akses di http pmb nus ac id terima kasih
57,registrasi,batas maksimal registrasi sudah kami jelas di http pmb nus ac id
58,registrasi,silah unjung http pmb nus ac id untuk lebih jelas
59,registrasi,skck apakah harus lampir saat daftar ulang
60,registrasi,apakah skck perlu lampir saat daftar ulang
61,registrasi,untuk syarat daftar ulang apakah perlu skck kak
62,registrasi,min daftar ulang perlu pakai skck tidak ya
63,registrasi,untuk daftar ulang skck apakah perlu
64,registrasi,mohon info min untuk skck saat daftar ulang perlu tidak ya
65,registrasi,apakah ada syarat daftar ulang untuk lampir skck
66,registrasi,skck tidak perlu saat daftar ulang terima kasih
67,registrasi,untuk skck tidak perlu saat daftar ulang
68,registrasi,tidak perlu lampir skck kak terima kasih
69,registrasi,daftar ulang tidak perlu skck kak terima kasih
70,registrasi,daftar ulang dapat laku tanpa skck kak
71,registrasi,skck tidak jadi syarat daftar ulang jadi tidak perlu
72,registrasi,skck tidak perlu lampir kak saat daftar ulang
73,registrasi,min saya mau cetak umum guna nomor telepon saya dan orang tua kok tidak bisa
74,registrasi,bagaimana ya min cetak umum daftar saya sudah guna nomortelepon saya dan orang tua tidak bisa
75,registrasi,bisa bantu min untuk cetak umum saya sudah ikut tunjuk di form tetap tidak bisa
76,registrasi,umum daftar saya tidak mau cetak kenapa ya min
77,registrasi,saya sudah ikut langkah di form cetak umum tapi kok tidak bisa
78,registrasi,min kok saya gagal cetak umum padahal sudah benar sesuai form
79,registrasi,form umum kok tidak bisa cetak umum saya ya min
80,registrasi,silah coba guna browser pada pc terima kasih konfirmasi saja nomor orang tua kamu 920
81,registrasi,apakah guna browser hp untuk lihat silah guna browser pc saja
82,registrasi,silah ulang lihat umum lalu browser pc
83,registrasi,untuk umum baik lihat pakai browser pc
84,registrasi,silah guna browser pc untuk lihat umum
85,registrasi,umum bisa lihat ulang lalu browser pc terima kasih
86,registrasi,silah lihat kembali umum lalu browser pc
87,registrasi,biaya registrasi daftar ulang pmdk bisa lihat mana kak
88,registrasi,info biaya registrasi daftar ulang pmdk mana kak
89,registrasi,mau tanya untuk registrasi daftar ulang pmdk berapa
90,registrasi,bisa info min biaya registrasi daftar ulang pmdk
91,registrasi,berapa ya biaya registrasi daftar ulang pmdk
92,registrasi,mohon bantu informasi min untuk biaya registrasi daftar ulang pmdk
93,registrasi,registrasi daftar ulang pmdk berapa ya biaya
94,registrasi,silah download surat umum di http apply nus ac id read umum
95,registrasi,untuk biaya registrasi daftar ulang pmdk bisa lihat pada http apply nus ac id read umum
96,registrasi,informasi biaya registrasi daftar ulang pmdk dapat di http apply nus ac id read umum
97,registrasi,mohon download http apply nus ac id read umum untuk rincian biaya
98,registrasi,rincian biaya bisa akses pada http apply nus ac id read umum terima kasih
99,registrasi,detail untuk registrasi daftar ulang pmdk dapat pada http apply nus ac id read umum
100,registrasi,silah akses http apply nus ac id read umum untuk detail
101,registrasi,kak untuk pindah jurus registrasi apakah bisa
102,registrasi,bisa tidak kak pindah jurus saat registrasi
103,registrasi,apakah mungkin untuk pindah jurus saat registrasi
104,registrasi,apakah masih boleh untuk pindah jurus saat registrasi
105,registrasi,mau tanya untuk pindah jurus saat registrasi bagaimana ya
106,registrasi,pindah jurus ketika registrasi apakah mungkin
107,registrasi,bisa bantu info kak untuk pindah jurus saat registrasi
108,registrasi,pindah jurus saat registrasi mungkin kak lama masih ada quota
109,registrasi,lama masih ada quota bisa kak
110,registrasi,bisa lama masih sedia kuota
111,registrasi,bisa kak untuk pindah jurus saat registrasi lama masih ada quota
112,registrasi,boleh kak untuk pindah jurus saat registrasi lama quota dari jurus yang ingin masih sedia
113,registrasi,pindah mungkin lama quota masih ada
114,registrasi,pindah saat registrasi dapat laku kak lama quota masih ada
115,registrasi,kak saya mau lihat biaya registrasi daftar ulang pmdk tahap 2 mana ya
116,registrasi,informasi biaya registrasi daftar ulang pmdk tahap 2 bisa lihat mana
117,registrasi,berapa biaya registrasi daftar ulang pmdk tahap 2
118,registrasi,informasi total biaya dapat lihat di umum yang dapat pada website udinus dengan input nomor hp
119,registrasi,dapat lihat di webstie udinus kak untuk detail umum
120,registrasi,biaya registrasi dapat lihat di website dengan input nomor hp terima kasih
121,pendaftaran,admin saya mau tanya untuk serah berkas daftar ulang hari sabtu bisa nggak ya
122,pendaftaran,selamat pagi hari sabtu udinus buka layan daftar dan registrasi sampai pukul 16 00 wib terima kasih
123,pendaftaran,kalo dari smk jurus tkj terus mau ambil fakultas akuntasi manajemen s1 bisa gak ya
124,pendaftaran,halo kak afifah untuk pilih jurus sesuai dengan minat saja tidak gantung oleh jurus saat smk
125,pendaftaran,halo min mau tanya kira kira masih bisa daftar di udinua lagi nggak min soal di webnya kok ngga ada terang tanggal cumn ada jalur 1c 2a gitu mohon info min terima kasih
126,pendaftaran,kamu tahu ga baca arti tiap gelombang selalu kami cantum tanggal daftar tanggal uji dan tanggal registrasi mohon cek kembali terima kasih
127,pendaftaran,untuk biaya daftar s2 dan jurusan2nya lihat di mana ya web info
128,pendaftaran,untuk informasi putar program pasca sarjana dapat cek lalu pps nus ac id terimakasih
129,pendaftaran,halo kak apakah ada tata tertib atau syarat yang harus laksana saat seleksi sepert alat yang harus bawa lalu pakai yang yg kena
130,pendaftaran,selamat siang test sama terima mahasiswa baru udinus nanti guna komputer sehingga alat yang bawa hanya kartu test dan bolpoint yang pakai untuk hitung untuk pakai yang kena adalah bebas dan sopan terima kasih
131,pendaftaran,selamat sore kk saya muhamad rizki daftar jalur reguler saya mau tanya itu kok pas mau cetak kok agama saya tulis lain yah padahal di form gada opsi agama dan kota prov nya juga kosong http prntscr com nbdzff mohon jelas
132,pendaftaran,halo rizki sistem kami sedang dalam baik mohon di cek ulang kembali untuk data nya terimakasih
133,pendaftaran,admin adik saya ada minat di jurus rekam medis tp dr ips bisa tidak ya lalu saya lulus fisip 2015 dulu kulnya di ptn lain bisa ga misal ambil rekam medis soal kerja pegang bagi rekam medis
134,pendaftaran,selamat pagi untuk ambil jurus rekam medis dapat dari semua jurus karena memang akan kami ajar dari dasar jika ingin ambil kuliah lagi di jurus rekam medis arti pada saat daftar yang serta adalah ijazah sma untuk rekam medis sendiri kami sedia kelas karyawan di hari jumat dan sabtu yang mulai di siang hari terima kasih
135,pendaftaran,kak kalo mah pindah jurus ke prodi yang ke 2 bisa
136,pendaftaran,belum registrasi ya untuk pindah jurus silah datang langsung ke udinus di gedung g lantai 1 di bagi daftar terimakasih
137,pendaftaran,min mau tanya klk buat daftar yg pmdk skrg udh gabisa ya
138,pendaftaran,selamat pagi untuk jalur pmdk 2019 sudah tidak bisa karena saat ini kami sudah buka jalur reguler akan tetapi kami akan buka jalur pmdk 2020 mulai bulan oktober 2019 jadi kuliah nya masuk di bulan september 2020 terima kasih
139,pendaftaran,kak mau tanya kalau saya punya sertifikat harga banyak masuk udinus lewat jalur apa dan apakah bisa dapat beasiswa
140,pendaftaran,selamat pagi udinus punya 2 jalur daftar yaitu jalur pmdk dan jalur reguler jalur pmdk rupa jalur prestasi mana sertifikat juara baik bidang akademik maupun non akademik dapat tunjang nilai maksimal sertifikat yang dapat diikutsertakan adalah 2 dari yang paling tinggi tingkat untuk jalur pmdk akan ada potong uang gedung hingga 100 namun jalur pmdk hanya dapat ikut siswa kelas 3 dan yang sudah lulus 1 tahun sbelumnya untuk saat ini jalur pmdk sudah akhir namun kami baru saja buka jalur reguler terima kasih
141,pendaftaran,daftar s2 info liht di mana ya
142,pendaftaran,selamat pagi informasi putar daftar program pasca sarjana udinus dapat lihat lalu alamat url ikut http pps nus ac id terima kasih
143,pendaftaran,halo kak mau tanya kan jalur reguler bisa ikut tes sama one day service nah kalo ikut one day service bisa daftar via online dulu atau langsung dateng ke tempat aja lalu untuk yang one day service bebas pilih hari apa aja kan ya kak terima kasih
144,pendaftaran,halo putri untuk sistem oneday service arti kamu datang langsung ke udinus untuk laku daftar nah di hari itu juga kamu bisa laku test dan langsung dapat surat umum terima atau tidak jika kamu sudah daftar kamu boleh laku test maksimal 3 hari telah laku daftar jika lebih dari itu maka kamu akan ikut test sama yang sudah jadwal pada gelombang daftar yang kamu ikut terima kasih
145,pendaftaran,kak kalau tiap login salah terus gimana ya padahal email sm password nya udah benar
146,pendaftaran,selamat pagi nissa segala kendala kait tentang daftar online dapat langsung hubung narahubung kami yudit arum 085740664541 terima kasih
147,pendaftaran,halo kak tes masuk jalur reguler kapan yah terima kasih
148,pendaftaran,selamat pagi daftar jalur reguler akan mulai tanggal 1 april untuk test nya dapat ikut test sama atau test pada saat hari daftar oneday service terima kasih
149,pendaftaran,malam ka saya mau tanya kan saya sudah isi form daftar tinggal bayar brp biaya yang harus saya bayar ka
150,pendaftaran,selamat pagi biaya daftar sudah cantum di halaman pada saat daftar biaya daftar untuk jalur pmdk adalah rp 100 000 transfer ke no rekening yang sudah tera bukti transfer di scan lalu di upload di halaman daftar terima kasih
151,pendaftaran,untuk info pendafttran s2 mana ya linknya
152,pendaftaran,selamat pagi untuk informasi daftar pascasarjana dapat lalu link ikut http pps nus ac id terima kasih
153,pendaftaran,kak mau tanya saya belum aktivasi akun trus re-aktivasi kok gagal itu gimana
154,pendaftaran,selamat pagi abdul aktivasi akun daftar online ya aktif akun hanya beri waktu 124 jam jika lebih dari 124 jam maka akun sebut hangus harap daftar kembali terima kasih
155,pendaftaran,kak mau tanya untuk tes masuk jalur regular nanti materi dari ajar apa aja ya mohon responnya terimakasih
156,pendaftaran,selamat pagi putri untuk materi yang akan uji di test masuk jalur reguler adalah logika aritmatika dan bahasa inggris terima kasih
157,pendaftaran,malam saya mau tanya ka untuk test yang jalur reguler apakah ada untuk test online nya terimakasih
158,pendaftaran,selamat pagi untuk saat ini kami belum ada test online terima mahasiswa baru terimakasih
159,pendaftaran,untuk soal2 yang uji pasa saat tes masuk apa aja ya min
160,pendaftaran,halo kak saya mau tanya daftar jalur reguler buka kapan ya dan informasi tentang pmb jalur reguler kira rilis kapan ya di website ini terimakasih
161,pendaftaran,selamat pagi putri daftar jalur reguler akan kami buka mulai bulan april untuk informasi kena syarat daftar jalur reguler akan kami posting cepat terima kasih
162,pendaftaran,untuk tes masuk sendiri mata ajar atau materi apa yang nanti diujiankan ya kak biar bisa siap dari sekarang soal terima kasih
163,pendaftaran,halo kak saya rizki lulus sma tahun 2017 apakah saya masih bisa daftar di udinus untuk angkat 2019 terima kasih
164,pendaftaran,halo rizki untuk lulus 2017 dapat daftar lalu jalur reguler yang akan kami buka mulai bulan april nanti terima kasih
165,pendaftaran,selamat pagi ka saya mau tanya saya lulus 2018 dan dari dulu saya ingin kuliah di udinus demi telah baik ekonomi saya asal dari keluarga kurang mampu sedang biaya kuliah di udinus sangat mahal tahun 2018 saya terima di unbraw snmptn bidikmisi namun saya keluar dan ingin putus kuliah di udinus yang saya mau tanya adalah apakah saya bisa ikut program beasiswa bagi maba bidikmisi kembali atau ada kah program beasiswa maba selain bidikmisi dan saat registrasi ulang ada potong 100 uspi bagi keluarga kurang mampu seperti saya
166,pendaftaran,selamat pagi haryadi tentu daftar bidikmisi 2019 bagi lulus tahun 2018 adalah siswa yang bukan terima bidikmisi sehingga kamu tidak boleh ikut daftar bidikmisi kembali karena sudah pernah dapat program bidikmisi di tahun belum untuk potong uspi 100 tidak untuk di jalur pmdk selain gelombang 1 untuk itu sudah tidak ada potong 100 untuk daftar di tahap ini terima kasih
167,pendaftaran,kak mau tanya web buat daftar lagi error atau gmna ya aku kan mau upload scanan rapot kok gak bisa situs ini tidak dapat jangkau itu gimana ya kak makasih
168,pendaftaran,selamat sore mohon coba kembali untuk upload scan rapor nya mungkin ada sedikit salah jaring terima kasih
169,pendaftaran,selamat sore saya mau tanya untuk daftar jalur pmdk apabila salah satu mapel ada yg nilai bawah 8 bukan rata apakah masih bisa
170,pendaftaran,selamat pagi syarat daftar jalur pmdk adalah nilai rata dari semua mapel sehingga jika ada salah satu mapel yang nilai bawah 8 tidak akan jadi masalah asal rata seluruh tetap 8 jika rata seluruh bawah 8 silah serta surat rekomendasi dari guru bk terima kasih
171,pendaftaran,apabila nilai rapot ada yang angka 79 7 hanya di semester 1 apakah tidak ada peluang untuk daftar di pmdk namun ada sertifikat dukung non akademik tingkat nasional dan internasional apakah pengaruh min
172,pendaftaran,untuk nilai rapor bawah 8 silah minta surat rekomendasi dari guru bk dan serta pada saat kumpul formulir daftar terima kasih
173,pendaftaran,permisi admin saya mau tanya apakah jalur pmdk bisa guna sertifikat non akademik seperti bidang seni tingkat nasional dan internasional atau untuk untuk nilai akademik saja terimakasih
174,pendaftaran,selamat pagi armando sertifikat juara boleh dari bidang akademik maupun non akademik dari tingkat kota sampai tingkat internasional
175,pendaftaran,ada link buat download brosur pmb 2019 gak ya
176,pendaftaran,silah untuk brosur pmdk dapat didownload lalu ini https goo gl 6bc3en dan https goo gl hzzc2v terima kasih
177,pendaftaran,mau tanya info s3 ilmu komputer di unidus apakah ada info web nya
178,pendaftaran,kak untuk daftar mahasiswa baru jalur umum mulai kapan yah kak
179,pendaftaran,selamat pagi iqbal daftar jalur umum atau reguler akan buka mulai 1 april 2019
180,pendaftaran,kak mulai buka daftar mahasiswa baru untuk kelas sore kapan ya
181,pendaftaran,untuk terima jalur pmdk pada saat registrasi sudah bisa pilih kelas pagi atau sore namun kelas sore hanya ada di fakultas ilmu komputer fakultas ilmu budaya dan fakultas sehat yang program studi jenjang s1 terima kasih
182,pendaftaran,mau tanya min untuk serah berkas daftar ulang bisa hari sabtu
183,pendaftaran,daftar dan registrasi untuk hari sabtu buka sampai pukul 16 00 wib terima kasih
184,pendaftaran,apakah lulus smk jurus teknik kendara ringan tahun 2016 bisa daftar jurus manajemen s1 terima kasih
185,pendaftaran,selamat siang untuk lulus tahun 2016 dapat daftar jurus manajemen s-1 di jalur reguler yang akan buka daftar mulai bulan april terima kasih
186,pendaftaran,apakah kalau dari smk jurus teknik kendara bisa daftar s1 manajemen
187,pendaftaran,siang min saya dari smk jurus teknik kendara ingin daftar s1 manajemen bisa ga min
188,pendaftaran,boleh ga min saya daftar s1 manajemen saya dari smk
189,pendaftaran,bisa silah ikut daftar jurus s1 manajemen reguler yang selenggara bulan april terimakasih
190,pendaftaran,daftar jurus s1 manajemen untuk reguler bisa ikut pada bulan april
191,pendaftaran,boleh kak kakak bisa ikut daftar bulan april untuk jurus s1 manajemen jalur reguler
192,pendaftaran,saya dari smk tkj boleh ambil sistem informasi s1 tidak ya
193,pendaftaran,untuk jurus tidak gantung lulus dari smk kak jadi bisa kakak ambil jurus sebut terima kasih
194,pendaftaran,mau tanya untuk daftar di udinus apakah masih buka kok terang 1c atau 2a gitu
195,pendaftaran,untuk tiap gelombang selalu kami cantum tanggal daftar tanggal uji dan tanggal registrasi
196,pendaftaran,biaya daftar s2 bisa lihat mana ya
197,pendaftaran,informasi kena program pasca bisa lihat pada pps nus ac id
198,pendaftaran,apakah ada tata tertib alat dan pakai yang guna saat seleksi
199,pendaftaran,silah bawa kartu tes dan bolpoint untuk proses hitung saat tes karena tes guna komputer untuk pakain bebas tapi sopan terima kasih
200,pendaftaran,siang min saya mau cetak form daftar untuk agama tulis lain dan provinsi tulis kosong itu gimana ya
201,pendaftaran,mohon maaf kak sistem kami sedang baik silah cetak kembali kartu daftar terima kasih
202,pendaftaran,untuk lulus ips apakah bisa ambil jurus rekam medis
203,pendaftaran,jurus rekam medis bisa dari semua jurus karena kami akan ajar dari dasar terima kasih
204,pendaftaran,kak apakah bisa pindah jurus ke pilih ke 2
205,pendaftaran,untuk pindah jurus bisa langsung datang di gedung g lantai 1
206,pendaftaran,daftar pmdk apakah masih buka
207,pendaftaran,untuk pmdk 2019 sudah tidak buka kami akan buka kembali pada oktober 2019 untuk pmdk 2020
208,pendaftaran,kak saya milik sertifikat juara banyak bisa ikut jalur apa dana apakah ada beasiswa
209,pendaftaran,dapat dua jalur daftar pmdk dan reguler untuk pmdk sertifikat bisa ikut maksimal 2 dari kompetisi dengan tingkat tinggi terima kasih
210,pendaftaran,info daftar untuk s2 mana ya
211,pendaftaran,informasi daftar bisa akses pada pps nus ac id
212,pendaftaran,mau tanya untuk one day servis kita harus daftar dulu di web lalu untuk hari apakah bebas kapan untuk tes
213,pendaftaran,jika kamu sudah daftar pada hari itu maka kamu bisa langsung ikut tes dan dapat hasil tes tes masih bisa ikut maksimal sampai 3 hari ke depan
214,pendaftaran,kak saya mau login sistem selalu muncul salah padahal email dan password sudah benar itu bagaimana ya
215,pendaftaran,kendala kena daftar bisa langsung hubung narahubung kami yudit arum 085740664541 terima kasih
216,pendaftaran,jalur reguler tes masuk kapan ya
217,pendaftaran,daftar jalur reguler mulai 1 april untuk tes bisa ikut tes sama atau one day service
218,pendaftaran,kak saya sudah isi form daftar berapa biaya
219,pendaftaran,biaya daftar sudah tera saat daftar untuk pmdk biaya 100 000 bisa transfer ke nomor rekening yang tera lalu bukti bayar di upload pada halaman daftar
220,pendaftaran,bisa info kak link daftar s2
221,pendaftaran,daftar pascasarjana dapat laku lalu link pps nus ac id
222,pendaftaran,saya tidak bisa re-aktivasi akun itu gimana ya
223,pendaftaran,aktivasi akun hanya beri waktu 124 jam jika lebih dari itu maka hangus silah daftar kembali
224,pendaftaran,tes jalur reguler nanti materi tentang apa ya kak
225,pendaftaran,materi tes jalur reguler adalah logika aritmatika dan bahasa inggris
226,pendaftaran,untuk tes jalur reguler apakah bisa online
227,pendaftaran,terima mahasiswa baru saat ini belum ada tes online terima kasih
228,pendaftaran,soal untuk tes masuk tentang apa min materi
229,pendaftaran,daftar jalur reguler buka kapan ya
230,pendaftaran,kami buka daftar jalur reguler bulan april
231,pendaftaran,tes masuk nanti materi yang uji tentang apa ya kak
232,pendaftaran,kak saya lulus sma 2017 apakah masih bisa daftar untuk angkat 2019
233,pendaftaran,bisa kak silah daftar jalur reguler
234,pendaftaran,ada program beasiswa bidikmisi atau jenis di udinus
235,pendaftaran,untuk program bidikmisi udinus tidak untuk bagi yang sudah pernah dapat program bidikmisi udinus juga sedia potong uang gedung 100 untuk daftar gelombang pertama
236,pendaftaran,apakah web daftar sedang error saya tidak dapat upload dokumen
237,pendaftaran,sore kak bisa coba kembali upload dokumen mungkin sedang ada ganggu jaring terima kasih
238,pendaftaran,daftar pmdk apakah bisa salah satu mapel ada yang nilai bawah 8
239,pendaftaran,jika rata seluruh 8 maka masih bisa akan tetapi jika bawah 8 silah serta surat rekomendasi dari guru bk
240,pendaftaran,untuk daftar pmdk ada nilai yang 79 7 apakah masih bisa daftar
241,kuliah,kak mau tanya kalau untuk kkl mahasiswa akuntansi s1 udinus biasa semester berapa ya kak terimakasih
242,kuliah,selamat pagi ichza kkl di fakultas ekonomi dan bisnis baik itu jurus akuntansi maupun jurus manajemen biasa ada di semester ke 6 gantung bijak dari program studi masing-masing terima kasih
243,kuliah,siang kak saya mau tanya apa ada kelas karyawan di udinus terimakasih
244,kuliah,halo kak untuk kelas karyawan jumat-sabtu saat ini hanya ada di fakultas sehat saja
245,kuliah,halo min maaf kalo oot bingung mau nanya mana kalo mau nanya tentang jadwal konsultasi mana ya soal ada jadwal yang bentrok
246,kuliah,halo jadwal apa ya jadwal krs maksdnya kalo krs silah hubung tu fakultas masing-masing terima kasih
247,kuliah,ijin tanya kak saya kan sudah semester 2 di jurus ti dan rencana mau pindah jurus di manajemen yang saya tanya apakah pindah jurus bisa di urus sekarang takut kalau nunggu semester 3 habis kelas dan soal pembayaranya bagaimana terimakasih mohon info
248,kuliah,halo ilham pindah jurus gantung dari kaprodi masing-masing tiap jurus silah konsultasi ke dosen wali untuk lebih jelas terima kasih
249,kuliah,saya mau tanya ada kelas khusus karyawan atau tidak sama teknik informatika mata ajar seperti apa
250,kuliah,selamat siang untuk kelas khusus karyawan hanya ada di fakultas sehat kuliah laksana hari jumat dan sabtu di teknik informatika cara umum yang akan ajar adalah coding untuk buat program untuk mata kuliah dapat cek lalu https nus ac id majors a11 bachelor-of-informatics terima kasih
251,kuliah,kak saya mau tanya jurus sistem informasi itu ada kkn nya gak ya
252,kuliah,selamat pagi jurus sistem informasi di udinus tidak ada giat kkn bagi mahasiswa namun kami ada kp kuliah praktek dan kkl kuliah kerja lapang terima kasih
253,kuliah,selamat pagi bagaimana prosedur urus status mahasiswa yang mangkir terima kasih
254,kuliah,selamat pagi untuk urus status mahasiswa yang mangkir silah datang ke biro akademik di gedung a lantai 1 terima kasih
255,kuliah,hallo saya mau nanya apakah udinus buka kelas sabtu minggu terimaksih
256,kuliah,selamat siang mohon maaf udinus tidak buka kelas sabtu dan minggu kami punya kelas karyawan di hari jumat dan sabtu akan tetapi khusus untuk fakultas sehat terima kasih
257,kuliah,rekam medis informasi bisa masuk kelas karyawan ka
258,kuliah,selamat pagi khusnul untuk semua program studi di fakultas sehat ada kelas karyawan di hari jumat dan sabtu daftar dapat laku di jalur reguler terima kasih
259,kuliah,malam kak aku dari prodi ti mau tanya nih matkul kuliah aku ada 5 nih kalo salah satu matkul sebut aku mau keluar bisa tidak ya karena salah satu dari matkul sebut aku gak mampu
260,kuliah,selamat pagi jodie masalah seperti ini baik anda konsultasi dengan dosen ampu lebih dahulu barangkali beliau milik solusi yg lain atau anda juga bisa konsultasi pada dosen wali anda
261,kuliah,assalamualaikum kak mau tanya untuk jurus bahasa jepang ada kelas pegawai gak
262,kuliah,waalaikumsalam yascha untuk kelas pegawai tidak ada ada kelas malam kelas pagi
263,kuliah,selamat siang mau tanya untuk minta surat terang kuliah mana ya kak terimakasih
264,kuliah,selamat pagi sri arofah surat terang sebut bisa anda dapat di biro akademik gedung a lantai 1
265,kuliah,malam kak aku mau update foto uji yang baru kok ga bisa ganti ya padahal tulis nya file sukses di unggah
266,kuliah,halo kak disha jika kamu hasil upload foto namun foto belum ganti sila ke tu untuk verifikasi foto yang baru
267,kuliah,maaf kak jika ktm sementara hilang cara urus gimana ya
268,kuliah,halo kak putri untuk urus ktm sementara yg hilang sila ke biro akademik
269,kuliah,siang kak mau tanya kalo absen lebih dari 3x kan suruh mbuat surat mohon contoh surat mohon nya itu gimana ya kak
270,kuliah,kkl s1 akutansi semester berapa kak
271,kuliah,semester berapa ya kak untuk kkl s1 akuntansi
272,kuliah,bisa info pada semester berapa untuk kkl s1 akuntansi
273,kuliah,untuk kkl feb biasa ada pada semester 6 gantung bijak prodi terimakasih
274,kuliah,pagi icha kkl sendiri biasa pada semester 6 gantung dari bijak prodi
275,kuliah,pada semester 6 biasa ada kkl gantung prodi
276,kuliah,apakah ada kelas karyawan di udinus
277,kuliah,untuk kelas karyawan apakah ada
278,kuliah,bisa info min kelas karyawan di udinus
279,kuliah,kelas karyawan hanya ada di fakultas sehat jumat sabtu
280,kuliah,untuk kelas karyawan biasa ada pada hari jumat sabtu untuk fakultas sehat
281,kuliah,rizki bisa ikut kelas karyawan yang ada jumat sabtu pada fakultas sehat
282,kuliah,mau tanya untuk konsul jadwal mana ya ada jadwal bentrok
283,kuliah,min kalau mau konsul jadwal mana jadwal ada yang bentrok
284,kuliah,boleh tau min untuk konsul jadwal mana
285,kuliah,apakah yang maksud jadwal krs untuk jadwal krs bisa hubung tu fakultas masing-masing
286,kuliah,untuk jadwal krs silah hubung tu fakultas
287,kuliah,bisa hubung tu fakultas untuk konsultasi krs
288,kuliah,saya ingin pindah ke jurus manajemen bisa urus sekarang dan untuk bayar bagaiaman ya
289,kuliah,saya semester 2 prodi ti ingin aju pindah jurus ke manajemen bisa saya urus sekarang untuk bayar bagaimana
290,kuliah,min bisa ga sekarang saya urus untuk pindah ke jurus manajemen bagaimana untuk bayar
291,kuliah,untuk pindah jurus gantung kaprodi dan silah konsultasi ke dosen wali
292,kuliah,sari bisa konsultasi lebih dulu ke dosen wali
293,kuliah,gantung kaprodi masing-masing jurus anto baik konsultasi ke dosen wali
294,kuliah,ada kelas karyawan lalu untuk prodi ti mata kuliah seperti apa
295,kuliah,min apakah ada kelas untuk karyawan
296,kuliah,untuk kelas karyawan sendiri apakah ada min lalu mata kuliah untuk prodi ti seperti apa ya
297,kuliah,kelas karyawan hanya sedia di fakultas sehat jumat sabtu teknik informatika ajar coding mata kuliah bisa lihat pada https nus ac id majors a11 bachelor-of-informatics terimakasih
298,kuliah,ada untuk kelas karyawan bisa ikut pada hari jumat dan sabtu dan sedia hanya untuk fakultas sehat untuk materi yang ajar di teknik informatika bisa lihat di https nus ac id majors a11 bachelor-of-informatics
399,kuliah,kelas karyawan buka hanya jumat dan sabtu dan hanya untuk fakultas sehat saja infomasi kena materi prodi teknik informatika bisa akses pada https nus ac id majors a11 bachelor-of-informatics
300,kuliah,untuk jadwal yang bentrok bisa konsultasi mana ya
301,kuliah,saya ada jadwal bentrok bisa bantu min
302,kuliah,tolong bantu untuk krs yang bentrok solusi bagaimana ya
303,kuliah,kakak silah temu tu fakultas untuk konsultasi
304,kuliah,bisa konsultasi di tu fakultas untuk jadwal krs
305,kuliah,silah hubung tu fakultas kak terimakasih
306,kuliah,jurus si ada kkn ga ya
307,kuliah,apakah jurus sistem informasi ada kkn
308,kuliah,mau tanya min untuk kkn sistem informasi ada tidak ya
309,kuliah,untuk jurus si tidak ada kkn namun kami ada kp kerja praktek dan kkl kuliah kerja lapang
310,kuliah,tidak ada namun prodi si ada kkl dan kp
311,kuliah,kkn tidak ada prodi si yang selenggara prodi adalah kp dan kkl
312,kuliah,cara urus status mahasiswa mangkir bagaimana
313,kuliah,min kalau mau urus status mangkir gimana ya min
314,kuliah,mohon bantu min kalau status mahasiswa mangkir urus bagaimana
315,kuliah,silah datang ke biro akademik gedung a lantai 1
316,kuliah,bisa urus ke biak biro akademik gedung a lantai 1
317,kuliah,silah kakak urus ke biro akademik
318,kuliah,kelas weekend ada tidak min
319,kuliah,udinus buka kelas sabtu minggu ga ya
320,kuliah,mau tanya kelas sabtu minggu apakah ada di udinus
321,kuliah,untuk kelas sabtu minggu tidak ada tetapi kami buka kelas karyawan jumat sabtu pada fakultas sehat
322,kuliah,mohon maaf kami hanya buka kelas karyawan pada jumat dan sabtu di fakultas sehat
323,kuliah,tidak ada kak tapi kakak bisa ikut kelas karyawan pada fakultas sehat pada jumat sabtu
324,kuliah,apakah rekam medis dan informasi masuk kelas karyawan
325,kuliah,untuk rekam medis dan informasi bisa masuk kelas karyawan tidak ya
326,kuliah,untuk kelas karyawan apakah sedia jurus rekam medis dan informasi
327,kuliah,semua prodi fakultas sehat sedia kelas karyawan terima kasih
328,kuliah,ya kakak bisa ikut prodi sebut pada kelas karyawan
329,kuliah,fakultas sehat sedia kelas karyawan
330,kuliah,kak apakah bisa kurang jumlah beban mata kuliah yang ambil
331,kuliah,bisa tidak saya keluar dari salah satu mata kuliah yang saya ambil
332,kuliah,apakah mungkin untuk keluar dari matkul yang ambil
333,kuliah,kakak lebih baik konsultasi dulu ke dosen ampu siapa tau ada solusi bisa juga ke dosen wali terima kasih
334,kuliah,silah konsultasi ke dosen yang ampu baik
335,kuliah,ada baik kakak konsultasi ke dosen dulu
336,kuliah,jurus bahasa jepang ada kelas pegawai
337,kuliah,kelas pegawai jurus bahasa jepang apakah ada
338,kuliah,minta info min kelas pegawai untuk prodi bahasa jepang apakah ada
339,kuliah,kelas pegawai tidak ada kak yang sedia kelas malam dan pagi
340,kuliah,mohon maaf kelas pegawai tidak sedia untuk prodi sebut
341,kuliah,untuk kelas pegawai tidak ada yang ada hanya kelas malam pagi
342,kuliah,mana ya untuk urus surat terang kuliah
343,kuliah,kalau mau urus surat terang kuliah bagaimana ya
344,kuliah,min gimana cara urus surat terang kuliah
345,kuliah,surat terang bisa oleh di biak terima kasih
346,kuliah,indah bisa datang ke biro akademik gedung a lantai 1 untuk urus surat terang sebut
347,kuliah,silah urus ke biak biro akademik yang lokasi di gedung a lantai 1
348,kuliah,cara update foto uji baru bagaimana ya
349,kuliah,aku sudah upload foto uji baru kok tidak ubah
350,kuliah,gimana ya cara update foto uji baru
351,kuliah,jika sudah hasil upload namun tidak ubah silah datang ke tu untuk verifikasi foto baru
352,kuliah,bisa guna menu upload foto dan lalu verifikasi foto ke tu terimakasih
353,kuliah,silah ke tu kak untuk verifikasi foto baru
354,kuliah,cara urus ktm hilang gimana ya
355,kuliah,bisa info min cara urus ktm yang hilang
356,kuliah,kak gimana ya ngurus ktm hilang
357,kuliah,kakak bisa urus di biak
358,kuliah,bisa datang ke biak biro akademik untuk urus
359,kuliah,ktm saya hilang min bagaimana urus
360,kuliah,silah datang langsung ke biak biro akademik di gedung a lantai 1 ya kak terima kasih
361,komentar,sukses terus untuk udinus moga selalu prestasi dan bisa cetak lulus baik yang siap saing di dunia kerja dan dalam hidup masyarakat
362,komentar,terima kasih bapak kami selalu usaha beri yang baik bagi mahasiswa kami
363,komentar,maju terus udinus terus prestasi dan cetak lulus yang siap kompetisi di dunia kerja
364,komentar,selalu cetak generasi unggul di kampus udinus maju terus
365,komentar,moga kampus udinus manfaat bagi masyarakat dengan cetak lulus baik
366,komentar,terus cetak generasi manfaat bagi masyarakat
367,komentar,moga udinus makin maju dan sukses
368,komentar,hidup udinus moga kampus udinus beri manfaat yang nyata bagi masyarakat dan indonesia
369,komentar,tambah maju udinus cipta generasi unggul dan terus maju kembang tahu di indonesia
370,komentar,jaya terus udinus
371,komentar,moga jadi universitas yang mampu bantu bangun indonesia jadi lebih baik dengan alumni yang hasil didik
372,komentar,terus kembang udinus cetak generasi unggul
373,komentar,moga udinus jadi makin maju
374,komentar,sukses selalu udinus selalu cipta generasi yang bangun bangsa
375,komentar,terus bangun bangsa dengan cipta lulus yang mampu bangun bangsa
376,komentar,tingkat prestasi dan jadi universitas baik di indonesia
377,komentar,moga kampus udinus selalu prestasi
378,komentar,tunjuk bahwa kampus udinus mampu cetak generasi prestasi
379,komentar,moga selalu bisa emban amanah cerdas para mahasiswa
380,komentar,terus maju udinus selalu usaha jadi kampus baik
381,komentar,moga udinus makin baik dari waktu ke waktu dan terus usaha hadap tantang ke depan
382,komentar,terus cetak lulus yang handal di dunia kerja dan manfaat bagi masyarakat
383,komentar,moga jadi kampus mana harap para mahasiswa dan orang tua bisa capai
384,komentar,hadap tantang di depan terus kembang kampus jadi lebih baik
385,komentar,moga mahasiswa bisa capai cita dengan ajar di kampus udinus
386,komentar,tetap semangat udinus saya yakin udinus terus beri yang baik untuk mahasiswa
387,komentar,terus bantu mahasiswa songsong cita lalu didik
388,komentar,moga jadi lembaga didik yang manfaat bagi masyarakat luas
389,komentar,moga cita mahasiswa bisa capai lewat udinus
390,komentar,sukses terus mahasiswa udinus moga cita kalian capai lewat didik di udinus
391,komentar,selalu hadap tantang di depan ikan yang baik untuk mahasiswa terus cetak generasi yang manfaat bagi khalayak
392,komentar,selalu ikan didik yang baik bagi mahasiswa agar cipta lulus yang kompeten dan mampu saing di dunia kerja
393,komentar,sukses untuk udinus saya yakin udinus terus beri yang baik bagi mahasiswa
394,komentar,moga kampus udinus makin maju
395,komentar,makin maju dan tetap jadi lembaga didik yang terus cetak generasi terus bangsa yang manfaat
396,komentar,moga udinus terus beri yang baik untuk tetap ikut cerdas bangsa
397,komentar,apa tantang di depan bagaimana rintanganya terus laju jadi kampus yang tetap ikut kembang zaman
398,komentar,terus jadi kampus yang ikut kembang zaman
499,komentar,selalu sedia didik baik untuk putra putri indonesia
400,komentar,ikan yang baik udinus moga cita mahasiswa bisa capai di udinus
401,komentar,moga harap dan cita mahasiswa bisa bantu dengan didik di kampus udinus
402,komentar,ikan yang baik saya yakin udinus bisa jadi kampus top di indonesia
403,komentar,semangat terus udinus songsong kembang zaman dan rintang di depan
404,komentar,terus cetak generasi baik bagi bangsa
405,komentar,turut cerdas bangsa dengan ikut beri didik baik bagi para mahasiswa
406,komentar,moga udinus makin modern dan kembang ke depan
407,komentar,moga para mahasiswa dapat capai cita dengan kuliah di kampus udinus sukses terus udinus
408,komentar,sukses terus udinus
409,komentar,terus jadi kampu yang manfaat bagi masyarakat luas
410,komentar,moga makin banyak lulus udinus yang mampu kontribusi bagi negeri
411,komentar,terus cetak generasi unggul agar indonesia makin maju
412,komentar,moga para orang tua siswa bisa capai harap dengan pilih kampus udinus untuk didik anak
413,komentar,terus jadi kampus yang selalu kembang ikut kembang
414,komentar,terus kembang dan maju udinus
415,komentar,hadap kembang zaman dengan inovasi baru udinus
416,komentar,terus songsong masa depan udinus saya yakin mampu jadi kampus top di indonesia
417,komentar,maju terus pantang mundur moga cetak generasi pintar dan mampu saing di dunia kerja
418,komentar,moga cetak para enterpreneur muda untuk ikut bantu indonesia
419,komentar,moga lahir para usaha baru di udinus
420,komentar,moga para lulus udinus bisa bantu indonesia jadi lebih baik
421,komentar,baik bapak kami selalu usaha beri didik baik bagi para mahasiswa
422,komentar,aamiin kami terus bantu siap mahasiswa agar jadi lulus baik
423,komentar,para mahasiswa di udinus selalu kami fasilitas dan dorong agar jadi yang baik
424,komentar,kami terus inovasi agar bisa songsong masa depan
425,komentar,kampus udinus selalu kembang hadap tantang di depan
426,komentar,kami terus songsong masa depan agar bisa ikut kembang zaman
427,komentar,inovasi terus kami laku agar mampu saing di zaman modern
428,komentar,kami terus ikut kembang zaman dengan laku bagai inovasi dalam dunia didik
429,komentar,kami selalu usaha bantu mahasiswa dengan beri didik dan fasilitas baik
430,komentar,para mahasiswa di kampus udinus terus kami ikan didik baik agar mampu saing di dunia kerja
431,komentar,kampus udinus terus kembang program didik agar mampu cetak para enterpreneur muda di indonesia
432,komentar,udinus selalu beri didik yang baik bagi mahasiswa
433,komentar,terima kasih bapak udinus selalu usaha beri yang baik
434,komentar,didik yang baik selalu usaha beri udinus
435,komentar,udinus selalu usaha jadi kampus yang mampu bantu cita mahasiswa capai
436,komentar,udinus usaha cipta lulus yang sukses
437,komentar,kami usaha beri didik yang baik bagi para mahasiswa
438,komentar,kami terus usaha cipta lulus baik bagi bangsa
439,komentar,kami terus usaha kembang didik agar bisa cetak para enterprenur muda
440,komentar,didik terus kami kembang agar makin banyak cipta enterprenur
441,komentar,proses ajar di kampus udinus terus kami kembang agar beri hasil yang baik bagi mahasiswa
442,komentar,di kampus udinus para mahasiswa selalu dorong untuk prestasi dan beri didik yang baik
443,komentar,terima kasih bapak program didik udinus selalu usaha agar kembang ikut zaman
444,komentar,terima kasih bapak kami selalu usaha bantu para mahasiswa agar bisa kompetitif di dunia kerja dan juga kami bekal mampu masyarakat
445,komentar,kurikulum didik kami selalu kembang agar memnuhi kembang zaman
446,komentar,kami selalu usaha agar kampus udinus dapat saing dengan kampus top lain dengan beri didik yang baik
447,komentar,kampus udinus usaha beri didik baik dengan beri kurikulum dan ajar baik yang ahli bidang
448,komentar,kampus udinus usaha saji didik baik untuk serta didik
449,komentar,mahasiswa di udinus terus kami kembang dengan kurikulum yang ikut kembang zaman
450,komentar,udinus selalu usaha bantu mahasiswa untuk temu potensi baik
451,komentar,didik di udinus usaha saji didik yang baik untuk mahasiswa dengan kurikulum yang ikut kembang zaman
452,komentar,kami terus usaha beri yang baik bagi mahasiswa baik ketika kuliah atau telah lulus dalam dunia kerja
453,komentar,udinus selalu usaha damping mahasiswa dengan beri yang baik dalam kuliah maupun telah lulus
454,komentar,kami terus tingkat standar didik kampus agar mampu saing dengan kampus top di luar sana
455,komentar,didik yang baik selalu jadi konsen utama kami mahasiswa terus kami usaha dapat didik yang baik
456,komentar,mahasiswa selalu kami beri didik yang baik agar mampu saing di dunia kerja
457,komentar,aamiin dalam didik mahasiswa kami selalu usaha beri yang baik
458,komentar,aamiin didik yang kami saji selalu usaha ikut kembang zaman
459,komentar,aamiin mahasiswa selalu kami bimbing dengan baik baik kuliah maupun di dunia kerja
460,komentar,aamiin didik di udinus selalu kembang untuk cetak para enterpreneur muda
461,komentar,kami selalu usaha bantu mahasiswa temu potensi baik
462,komentar,mahasiswa selalu kami damping agar bisa dapat ajar yang baik
463,komentar,udinus usaha cetak lulus baik dengan beri didik yang baik juga
464,komentar,inovasi terus kembang agar bisa hasil lulus baik
465,komentar,didik di udinus selalu arah agar bisa beri output yang baik
466,komentar,udinus selalu usaha kompetisi agar makin maju dan mampu hadap kembang
467,komentar,standar didik udinus selalu usaha tingkat agar hasil lulus yang baik
468,komentar,damping terus kami laku kepada mahasiswa agar bisa hasil lulus baik
469,komentar,didik sarana tunjang dan ajar selalu kami usaha yang baik bagi mahasiswa
470,komentar,terima kasih bapak atas masuk
471,komentar,terima kasih masukkanya moga udinus makin baik
472,komentar,moga udinus makin baik bapak dalam hadap kembang zaman
473,komentar,udinus usaha terus maju dengan laku bagai inovasi dalam didik
474,komentar,mahasiswa usaha kami bimbing agar jadi pribadi yang kompeten di dunia kerja
475,komentar,kami selalu usaha cetak lulus yang mampu saing di dunia kerja
476,komentar,salah satu program udinus selalu usaha untuk cetak enterpreneur baru dengan didik yang baik
477,komentar,bagai usaha kami kerah bapak agar udinus bisa penuh ekspektasi mahasiswa dan wali murid
478,komentar,usaha terus kami laku agar bisa beri didik yang baik
479,komentar,terima kasih bapak atas saran kami usaha untuk terus lebih baik
480,komentar,udinus usaha terus jadi lebih baik untuk penuh ekspektasi yang harap
481,administrasi,halo min apakah ada alternatif lain saat upload bukti bayar via fax karna sulit nemuin fax sini
482,administrasi,halo untuk upload bukti bayar daftar online dapat laku langsung lalu sistem jadi tidak perlu guna fax terima kasih
483,administrasi,misi min saya boleh minta nomor wa nya bikin sama tu buat tanya tanya soal administrasi
484,administrasi,selamat siang maaf bikin apakah yang maksud itu biku tu nya fakultas apa ya
485,administrasi,halo kak saya mau tanya saya rencana nih mau transfer bayar registrasi maba nah kalo misal pake m-banking gimana ya kan minta slip bayar tuh bagai bukti kalo m-banking gimana saya screenshoot bukti lalu print atau gimana ya tunggu responnya terimakasih
486,administrasi,halo untuk bayar registrasi dapat laku dengan cara transfer lalu m-banking untuk bukti transfer bisa di screenshoot dan di print jangan lupa bawa berkas2 registrasi yang sudah tentu di link ikut http pmb nus ac id prosedur-daftar-ulang terimakasih
487,administrasi,kak mau tanya kalau sudah lewat batas bayar daftar ulang apakah masih bisa bayar kak
488,administrasi,selamat pagi nisrina lolos di pmdk 2 ya kami ingin memberitahukan bahwa registrasi untuk pmdk 2 masih dapat laku sampai maksimal tanggal 8 april jadi mohon segera untuk laku bayar dan berkas ke udinus ya terima kasih
489,administrasi,mau tanya kak untuk jurus s1 manajemen uang per semester yg harus bayar berapa ya untuk tahun ini
490,administrasi,selamat pagi untuk semua jurus bayar semester nya sama untuk biaya kuliah dapat cek di https nus ac id fees terima kasih
491,administrasi,kak mau tanya kalau untuk kkl mahasiswa akuntansi s1 udinus biasa semester berapa ya kak terimakasih
492,administrasi,selamat pagi ichza kkl di fakultas ekonomi dan bisnis baik itu jurus akuntansi maupun jurus manajemen biasa ada di semester ke 6 gantung bijak dari program studi masing-masing terima kasih
493,administrasi,alternatif upload bukti bayar apa ya
494,administrasi,selain lewat fax bisa lewat apa y min upload bukti bayar
495,administrasi,cara upload bukti bayar gimana ya min
496,administrasi,min aku mau upload bukti bayar tp tempat susah ketemu fax gimana y
497,administrasi,untuk upload bukti bayar ada alternatif lain selain fax
498,administrasi,bisa ga ya upload bukti bayar tanpa fax
599,administrasi,min cara upload bukti bayar di sistem daftar gimana
500,administrasi,kalau mau upload bukti bayar gimana kak
501,administrasi,kak tolong bantu kak upload bukti bayar lewat selain fax
502,administrasi,bisa ga min upload bukti bayar lewat email
503,administrasi,minta info kak untuk upload bukti bayar bagaimana ya
504,administrasi,upload bukti bayar bisa langsung di sistem daftar terima kasih
505,administrasi,bisa lewat sistem daftar sedia menu untuk upload bukti bayar
506,administrasi,tidak perlu difax kak cukup diupload di sistem daftar
507,administrasi,cukup upload di sistem daftar kak
508,administrasi,untuk bukti bayar bisa diupload pada sistem
509,administrasi,pada sistem daftar sudah sedia menu upload bukti bayar
510,administrasi,bisa langsung upload saja kak sistem
511,administrasi,upload bukti bayar cukup sistem daftar
512,administrasi,silah manfaat menu upload bukti bayar di sistem
513,administrasi,bukti bayar cukup diupload saja pada sistem daftar
514,administrasi,bisa ikut kak pandu upload bukti bayar yang sedia pada sistem daftar
515,administrasi,minta info untuk wa biku tu min
516,administrasi,biku tu ada kontak wa nya ga min
517,administrasi,saya mau tanya untuk administrasi bisa minta wa biku tu
518,administrasi,kak info dong wa biku tu
519,administrasi,biku tu ada kontak yang bisa hubung kak
520,administrasi,kontak yang bisa hubung tu apa y min
521,administrasi,tolong bantu kak untuk kontak biku tu
522,administrasi,mohon info kontak wa biku tu
523,administrasi,ada kontak wa biku tu kak
524,administrasi,saya mau konsultasi kena administrasi ada kontak wa biku tu yang bisa hubung
525,administrasi,biku tu punya kontak wa ga ya
526,administrasi,siang untuk tu fakultas apa ya
527,administrasi,bisa info tu fakultas apa
528,administrasi,biku tu yang maksud fakultas apa kak
529,administrasi,siang kak bisa info fakultas
530,administrasi,fakultas apa ya
531,administrasi,mohon info fakultas kak
532,administrasi,untuk biku yang maksud fakultas apa
533,administrasi,bisa bantu kak untuk fakultas
534,administrasi,kontak wa biak untuk fakultas apa
535,administrasi,kakak sendiri ingin hubung biak fakultas apa ya
536,administrasi,bisa lebih spesifik kak untuk fakultas
537,administrasi,kakak ingin hubung biak fakultas apa
538,administrasi,kak kalau mau transfer bukti bayar lewat m-banking gimana kak
539,administrasi,saya mau bayar bayar mahasiswa baru lewat m-banking gimana kak
540,administrasi,untuk bayar lewat m-banking bukti bayar gimana y min
541,administrasi,kalau transfer uang daftar mahasiswa baru lewat m-banking cara gimana y
542,administrasi,bukti bayar untuk transfer lewat m-banking apakah perlu discreenshot atau bagaimana
543,administrasi,kalau lewat m-banking bukti bayar gimana untuk daftar
544,administrasi,untuk bukti bayar gimana y min kalau mau transfer lewat m-banking
545,administrasi,bukti bayar apakah perlu discreenshot jika transfer daftar lewat m-banking
546,administrasi,minta info kak untuk bukti bayar daftar lewat m-banking perlu screenshot
547,administrasi,bayar daftar lewat m-banking bukti bayar gimana kak
548,administrasi,kak kalau saya mau bayar daftar lewat m-banking apakah bukti bayar cukup saya screenshot
549,administrasi,untuk bukti bayar cukup screenshot lalu di print
550,administrasi,bukti bayar bisa discreenshot dan print kak
551,administrasi,iya kak cukup di screenshot dan print aja kak
552,administrasi,bisa silah screenshot dan print untuk bukti bayar
553,administrasi,bisa kak silah jangan lupa untuk bukti bayar di screenshot dan print fisik
554,administrasi,bayar bisa laku lalu m-banking screenshot bukti bayar dan print fisik harap simpan
555,administrasi,telah transfer bukti bayar mohon discreenshot dan cetak di kertas
556,administrasi,silah transfer sesuai nominal lalu untuk bukti bayar silah discreenshot dan print
557,administrasi,bukti bayar dapat discreenshot dan print pada kertas
558,administrasi,mohon telah transfer untuk bukti bayar discreenshot dan print fisik
559,administrasi,silah screenshot dan print fisik untuk bukti bayar
560,administrasi,bisa ga bayar telah lewat masa daftar ulang
561,administrasi,kak boleh ga bayar lebih waktu daftar ulang
562,administrasi,ini kan masa daftar ulang sudah lewat masih bisa ga kak kalau saya mau bayar
563,administrasi,min tanya masih bisa ga bayar sekarang soale masa daftar ulang udah lewat
564,administrasi,untuk bayar daftar ulang apakah boleh lewat masa daftar ulang
565,administrasi,bayar daftar ulang sekarang masih bisa ga
566,administrasi,apakah masih boleh untuk laku bayar daftar ulang
567,administrasi,saya mau bayar daftar ulang tapi sudah lewat masa apakah bisa
568,administrasi,kalau mau bayar daftar ulang masih boleh ga min
569,administrasi,untuk bayar pmdk tahap 2 apakah masih bisa
570,administrasi,masih boleh ga kak mau bayar daftar ulang makasih
571,administrasi,kami cek untuk vina lolos pmdk tahap 2 bayar maksimal tanggal 8 april
572,administrasi,untuk pmdk tahap 2 maksimal sampai 8 april
573,administrasi,maksimal 8 april ya kak bayar
574,administrasi,untuk bayar pmdk tahap 2 maksimal 8 april
575,administrasi,tanggal 8 april ya kak untuk bayar maksimal
576,administrasi,kakak bisa bayar maksimal sampai tanggal 8 april
577,administrasi,bayar maksimal tanggal 8 april kak
578,administrasi,untuk daftar ulang bayar sampai tanggal 8 april
579,administrasi,masih bisa kak bayar maksimal sampai tanggal 8 april
580,administrasi,silah laku bayar kak masih sampai 8 april
581,administrasi,bayar masih bisa laku kak maksimal tanggal 8 april
582,administrasi,s1 manajemen untuk tahun ini biaya kuliah berapa
583,administrasi,biaya kuliah untuk s1 manajemen berapa kak
584,administrasi,untuk s1 manajemen biaya tahun ini berapa kak
585,administrasi,minta info biaya s1 manajemen tahun ini
586,administrasi,mau tanya biaya kuliah semester ini untuk s1 manajemen berapa
587,administrasi,tahun ini biaya s1 manajemen berapa
588,administrasi,min boleh tau biaya s1 manajemen semester ini
589,administrasi,kak bisa info biaya s1 manajemen untuk tahun ini
590,administrasi,mohon info biaya s1 manajemen semester ini
591,administrasi,mau tanya untuk biaya semester ini s1 manajemen berapa
592,administrasi,bisa info min biaya s1 manajemen meter ini
593,administrasi,semua jurus sama kak per semester nya bisa cek pada https nus ac id fees terimakasih
594,administrasi,bisa cek pada https nus ac id fees dan untuk per semester sama kak
595,administrasi,biaya sama kak per semester
596,administrasi,untuk biaya per semester sama kak
597,administrasi,bisa cek kak pada https nus ac id fees
598,administrasi,per semester biaya sama kak
599,administrasi,biaya per semester sama kak untuk semua jurus
600,administrasi,biaya per semester bisa lihat pada laman https nus ac id fees
